"measure_code","measure_title","chart_type","area_code","area_type","area_name","primary_split_type","primary_split_value","secondary_split_type","secondary_split_value","tertiary_split_type","tertiary_split_value","fourth_split_type","fourth_split_value","time_period","value","lci","uci","sample_size","unit","value_note","split_value"
"in11","Level of development at age 5","sex","E92000001","Country","England","sex","Boys","seb","Eligible for free school meals",,,,,"2018/19",49,,,45946,"Percentage",,"Boys - Eligible for free school meals"
"in11","Level of development at age 5","sex","E92000001","Country","England","sex","Boys","seb","Eligible for free school meals",,,,,"2017/18",49,,,44787,"Percentage",,"Boys - Eligible for free school meals"
"in11","Level of development at age 5","sex","E92000001","Country","England","sex","Boys","seb","Eligible for free school meals",,,,,"2016/17",48,,,47250,"Percentage",,"Boys - Eligible for free school meals"
"in11","Level of development at age 5","sex","E92000001","Country","England","sex","Boys","seb","Eligible for free school meals",,,,,"2015/16",46,,,48145,"Percentage",,"Boys - Eligible for free school meals"
"in11","Level of development at age 5","sex","E92000001","Country","England","sex","Boys","seb","Eligible for free school meals",,,,,"2014/15",43,,,50070,"Percentage",,"Boys - Eligible for free school meals"
"in11","Level of development at age 5","sex","E92000001","Country","England","sex","Boys","seb","Eligible for free school meals",,,,,"2013/14",36,,,57480,"Percentage",,"Boys - Eligible for free school meals"
"in11","Level of development at age 5","sex","E92000001","Country","England","sex","Boys","seb","Eligible for free school meals",,,,,"2024/25",44,,,51160,"Percentage",,"Boys - Eligible for free school meals"
"in11","Level of development at age 5","sex","E92000001","Country","England","sex","Boys","seb","Eligible for free school meals",,,,,"2023/24",43,,,53335,"Percentage",,"Boys - Eligible for free school meals"
"in11","Level of development at age 5","sex","E92000001","Country","England","sex","Boys","seb","Eligible for free school meals",,,,,"2022/23",44,,,55488,"Percentage",,"Boys - Eligible for free school meals"
"in11","Level of development at age 5","sex","E92000001","Country","England","sex","Boys","seb","Eligible for free school meals",,,,,"2021/22",42,,,58078,"Percentage",,"Boys - Eligible for free school meals"
"in11","Level of development at age 5","sex","E92000001","Country","England","sex","Boys","seb","Not eligible for free school meals",,,,,"2018/19",68,,,281479,"Percentage",,"Boys - Not eligible for free school meals"
"in11","Level of development at age 5","sex","E92000001","Country","England","sex","Boys","seb","Not eligible for free school meals",,,,,"2017/18",67,,,289292,"Percentage",,"Boys - Not eligible for free school meals"
"in11","Level of development at age 5","sex","E92000001","Country","England","sex","Boys","seb","Not eligible for free school meals",,,,,"2016/17",67,,,295787,"Percentage",,"Boys - Not eligible for free school meals"
"in11","Level of development at age 5","sex","E92000001","Country","England","sex","Boys","seb","Not eligible for free school meals",,,,,"2015/16",65,,,294802,"Percentage",,"Boys - Not eligible for free school meals"
"in11","Level of development at age 5","sex","E92000001","Country","England","sex","Boys","seb","Not eligible for free school meals",,,,,"2014/15",61,,,285567,"Percentage",,"Boys - Not eligible for free school meals"
"in11","Level of development at age 5","sex","E92000001","Country","England","sex","Boys","seb","Not eligible for free school meals",,,,,"2013/14",56,,,270881,"Percentage",,"Boys - Not eligible for free school meals"
"in11","Level of development at age 5","sex","E92000001","Country","England","sex","Boys","seb","Not eligible for free school meals",,,,,"2024/25",66,,,243248,"Percentage",,"Boys - Not eligible for free school meals"
"in11","Level of development at age 5","sex","E92000001","Country","England","sex","Boys","seb","Not eligible for free school meals",,,,,"2023/24",65,,,250429,"Percentage",,"Boys - Not eligible for free school meals"
"in11","Level of development at age 5","sex","E92000001","Country","England","sex","Boys","seb","Not eligible for free school meals",,,,,"2022/23",65,,,253569,"Percentage",,"Boys - Not eligible for free school meals"
"in11","Level of development at age 5","sex","E92000001","Country","England","sex","Boys","seb","Not eligible for free school meals",,,,,"2021/22",63,,,253621,"Percentage",,"Boys - Not eligible for free school meals"
"in11","Level of development at age 5","sex","E92000001","Country","England","sex","Girls","seb","Eligible for free school meals",,,,,"2018/19",65,,,43796,"Percentage",,"Girls - Eligible for free school meals"
"in11","Level of development at age 5","sex","E92000001","Country","England","sex","Girls","seb","Eligible for free school meals",,,,,"2017/18",65,,,42403,"Percentage",,"Girls - Eligible for free school meals"
"in11","Level of development at age 5","sex","E92000001","Country","England","sex","Girls","seb","Eligible for free school meals",,,,,"2016/17",64,,,44391,"Percentage",,"Girls - Eligible for free school meals"
"in11","Level of development at age 5","sex","E92000001","Country","England","sex","Girls","seb","Eligible for free school meals",,,,,"2015/16",63,,,45393,"Percentage",,"Girls - Eligible for free school meals"
"in11","Level of development at age 5","sex","E92000001","Country","England","sex","Girls","seb","Eligible for free school meals",,,,,"2014/15",60,,,47086,"Percentage",,"Girls - Eligible for free school meals"
"in11","Level of development at age 5","sex","E92000001","Country","England","sex","Girls","seb","Eligible for free school meals",,,,,"2013/14",53,,,55217,"Percentage",,"Girls - Eligible for free school meals"
"in11","Level of development at age 5","sex","E92000001","Country","England","sex","Girls","seb","Eligible for free school meals",,,,,"2024/25",59,,,49107,"Percentage",,"Girls - Eligible for free school meals"
"in11","Level of development at age 5","sex","E92000001","Country","England","sex","Girls","seb","Eligible for free school meals",,,,,"2023/24",60,,,51377,"Percentage",,"Girls - Eligible for free school meals"
"in11","Level of development at age 5","sex","E92000001","Country","England","sex","Girls","seb","Eligible for free school meals",,,,,"2022/23",60,,,53612,"Percentage",,"Girls - Eligible for free school meals"
"in11","Level of development at age 5","sex","E92000001","Country","England","sex","Girls","seb","Eligible for free school meals",,,,,"2021/22",57,,,55804,"Percentage",,"Girls - Eligible for free school meals"
"in11","Level of development at age 5","sex","E92000001","Country","England","sex","Girls","seb","Not eligible for free school meals",,,,,"2018/19",81,,,267725,"Percentage",,"Girls - Not eligible for free school meals"
"in11","Level of development at age 5","sex","E92000001","Country","England","sex","Girls","seb","Not eligible for free school meals",,,,,"2017/18",81,,,275867,"Percentage",,"Girls - Not eligible for free school meals"
"in11","Level of development at age 5","sex","E92000001","Country","England","sex","Girls","seb","Not eligible for free school meals",,,,,"2016/17",80,,,282436,"Percentage",,"Girls - Not eligible for free school meals"
"in11","Level of development at age 5","sex","E92000001","Country","England","sex","Girls","seb","Not eligible for free school meals",,,,,"2015/16",79,,,280712,"Percentage",,"Girls - Not eligible for free school meals"
"in11","Level of development at age 5","sex","E92000001","Country","England","sex","Girls","seb","Not eligible for free school meals",,,,,"2014/15",77,,,272125,"Percentage",,"Girls - Not eligible for free school meals"
"in11","Level of development at age 5","sex","E92000001","Country","England","sex","Girls","seb","Not eligible for free school meals",,,,,"2013/14",72,,,257753,"Percentage",,"Girls - Not eligible for free school meals"
"in11","Level of development at age 5","sex","E92000001","Country","England","sex","Girls","seb","Not eligible for free school meals",,,,,"2024/25",79,,,232507,"Percentage",,"Girls - Not eligible for free school meals"
"in11","Level of development at age 5","sex","E92000001","Country","England","sex","Girls","seb","Not eligible for free school meals",,,,,"2023/24",79,,,238002,"Percentage",,"Girls - Not eligible for free school meals"
"in11","Level of development at age 5","sex","E92000001","Country","England","sex","Girls","seb","Not eligible for free school meals",,,,,"2022/23",78,,,241678,"Percentage",,"Girls - Not eligible for free school meals"
"in11","Level of development at age 5","sex","E92000001","Country","England","sex","Girls","seb","Not eligible for free school meals",,,,,"2021/22",76,,,242375,"Percentage",,"Girls - Not eligible for free school meals"
