"measure_code","measure_title","chart_type","area_code","area_type","area_name","primary_split_type","primary_split_value","secondary_split_type","secondary_split_value","tertiary_split_type","tertiary_split_value","fourth_split_type","fourth_split_value","time_period","value","lci","uci","sample_size","unit","value_note"
"dr54","New economy jobs","trend","K02000001","country","United Kingdom","year","2014","rdjob",,,,,,"2014-2025",87.742,87.419,88.056,41080,"Percent",
"dr54","New economy jobs","trend","K02000001","country","United Kingdom","year","2015","rdjob",,,,,,"2014-2025",87.859,87.533,88.178,39684,"Percent",
"dr54","New economy jobs","trend","K02000001","country","United Kingdom","year","2016","rdjob",,,,,,"2014-2025",87.302,86.961,87.634,37988,"Percent",
"dr54","New economy jobs","trend","K02000001","country","United Kingdom","year","2017","rdjob",,,,,,"2014-2025",87.48,87.142,87.81,37955,"Percent",
"dr54","New economy jobs","trend","K02000001","country","United Kingdom","year","2018","rdjob",,,,,,"2014-2025",86.549,86.202,86.891,37986,"Percent",
"dr54","New economy jobs","trend","K02000001","country","United Kingdom","year","2019","rdjob",,,,,,"2014-2025",86.458,86.106,86.805,37147,"Percent",
"dr54","New economy jobs","trend","K02000001","country","United Kingdom","year","2020","rdjob",,,,,,"2014-2025",84.862,84.452,85.266,30013,"Percent",
"dr54","New economy jobs","trend","K02000001","country","United Kingdom","year","2021","rdjob",,,,,,"2014-2025",84.759,84.395,85.114,38761,"Percent",
"dr54","New economy jobs","trend","K02000001","country","United Kingdom","year","2022","rdjob",,,,,,"2014-2025",84.048,83.622,84.468,29028,"Percent",
"dr54","New economy jobs","trend","K02000001","country","United Kingdom","year","2023","rdjob",,,,,,"2014-2025",83.313,82.757,83.851,18006,"Percent",
"dr54","New economy jobs","trend","K02000001","country","United Kingdom","year","2024","rdjob",,,,,,"2014-2025",84.121,83.664,84.568,25317,"Percent",
"dr54","New economy jobs","trend","K02000001","country","United Kingdom","year","2025","rdjob",,,,,,"2014-2025",84.019,83.616,84.411,32893,"Percent",
"dr54","New economy jobs","trend","K02000001","country","United Kingdom","year","2014","rdjob",1,,,,,"2014-2025",12.258,11.944,12.581,41080,"Percent",
"dr54","New economy jobs","trend","K02000001","country","United Kingdom","year","2015","rdjob",1,,,,,"2014-2025",12.141,11.822,12.467,39684,"Percent",
"dr54","New economy jobs","trend","K02000001","country","United Kingdom","year","2016","rdjob",1,,,,,"2014-2025",12.698,12.366,13.039,37988,"Percent",
"dr54","New economy jobs","trend","K02000001","country","United Kingdom","year","2017","rdjob",1,,,,,"2014-2025",12.52,12.19,12.858,37955,"Percent",
"dr54","New economy jobs","trend","K02000001","country","United Kingdom","year","2018","rdjob",1,,,,,"2014-2025",13.451,13.109,13.798,37986,"Percent",
"dr54","New economy jobs","trend","K02000001","country","United Kingdom","year","2019","rdjob",1,,,,,"2014-2025",13.542,13.195,13.894,37147,"Percent",
"dr54","New economy jobs","trend","K02000001","country","United Kingdom","year","2020","rdjob",1,,,,,"2014-2025",15.138,14.734,15.548,30013,"Percent",
"dr54","New economy jobs","trend","K02000001","country","United Kingdom","year","2021","rdjob",1,,,,,"2014-2025",15.241,14.886,15.605,38761,"Percent",
"dr54","New economy jobs","trend","K02000001","country","United Kingdom","year","2022","rdjob",1,,,,,"2014-2025",15.952,15.532,16.378,29028,"Percent",
"dr54","New economy jobs","trend","K02000001","country","United Kingdom","year","2023","rdjob",1,,,,,"2014-2025",16.687,16.149,17.243,18006,"Percent",
"dr54","New economy jobs","trend","K02000001","country","United Kingdom","year","2024","rdjob",1,,,,,"2014-2025",15.879,15.432,16.336,25317,"Percent",
"dr54","New economy jobs","trend","K02000001","country","United Kingdom","year","2025","rdjob",1,,,,,"2014-2025",15.981,15.589,16.384,32893,"Percent",
"dr54","New economy jobs","geography",,"ITL2","United Kingdom","itl2_current_geo","Bedfordshire and Hertfordshire","quintile",4,"rdjob",1,,,"2014-2025",16.474,15.788,17.186,10956,"Percent",
"dr54","New economy jobs","geography",,"ITL2","United Kingdom","itl2_current_geo","Berkshire, Buckinghamshire and Oxfordshire","quintile",5,"rdjob",1,,,"2014-2025",20.067,19.449,20.695,16033,"Percent",
"dr54","New economy jobs","geography",,"ITL2","United Kingdom","itl2_current_geo","Cheshire","quintile",5,"rdjob",1,,,"2014-2025",17.005,16.101,17.964,6360,"Percent",
"dr54","New economy jobs","geography",,"ITL2","United Kingdom","itl2_current_geo","Cornwall and Isles of Scilly","quintile",1,"rdjob",1,,,"2014-2025",9.964,9.057,10.956,3933,"Percent",
"dr54","New economy jobs","geography",,"ITL2","United Kingdom","itl2_current_geo","Cumbria","quintile",1,"rdjob",1,,,"2014-2025",10.936,9.944,12.031,3536,"Percent",
"dr54","New economy jobs","geography",,"ITL2","United Kingdom","itl2_current_geo","Derbyshire and Nottinghamshire","quintile",3,"rdjob",1,,,"2014-2025",13.179,12.622,13.756,13848,"Percent",
"dr54","New economy jobs","geography",,"ITL2","United Kingdom","itl2_current_geo","Devon","quintile",2,"rdjob",1,,,"2014-2025",11.893,11.19,12.646,7740,"Percent",
"dr54","New economy jobs","geography",,"ITL2","United Kingdom","itl2_current_geo","Dorset and Somerset","quintile",2,"rdjob",1,,,"2014-2025",11.859,11.2,12.558,8860,"Percent",
"dr54","New economy jobs","geography",,"ITL2","United Kingdom","itl2_current_geo","East Anglia","quintile",3,"rdjob",1,,,"2014-2025",13.836,13.318,14.369,16776,"Percent",
"dr54","New economy jobs","geography",,"ITL2","United Kingdom","itl2_current_geo","East Wales","quintile",3,"rdjob",1,,,"2014-2025",13.062,12.277,13.883,6884,"Percent",
"dr54","New economy jobs","geography",,"ITL2","United Kingdom","itl2_current_geo","East Yorkshire and Northern Lincolnshire","quintile",1,"rdjob",1,,,"2014-2025",9.173,8.43,9.974,5505,"Percent",
"dr54","New economy jobs","geography",,"ITL2","United Kingdom","itl2_current_geo","Eastern Scotland","quintile",4,"rdjob",1,,,"2014-2025",16.196,15.557,16.851,12604,"Percent",
"dr54","New economy jobs","geography",,"ITL2","United Kingdom","itl2_current_geo","Essex","quintile",3,"rdjob",1,,,"2014-2025",12.586,11.956,13.24,10418,"Percent",
"dr54","New economy jobs","geography",,"ITL2","United Kingdom","itl2_current_geo","Gloucestershire, Wiltshire and Bath/Bristol area","quintile",5,"rdjob",1,,,"2014-2025",17.86,17.292,18.441,17257,"Percent",
"dr54","New economy jobs","geography",,"ITL2","United Kingdom","itl2_current_geo","Greater Manchester","quintile",3,"rdjob",1,,,"2014-2025",13.808,13.275,14.357,15796,"Percent",
"dr54","New economy jobs","geography",,"ITL2","United Kingdom","itl2_current_geo","Hampshire and Isle of Wight","quintile",4,"rdjob",1,,,"2014-2025",15.432,14.813,16.081,12626,"Percent",
"dr54","New economy jobs","geography",,"ITL2","United Kingdom","itl2_current_geo","Herefordshire, Worcestershire and Warwickshire","quintile",4,"rdjob",1,,,"2014-2025",14.83,14.125,15.553,9646,"Percent",
"dr54","New economy jobs","geography",,"ITL2","United Kingdom","itl2_current_geo","Highlands and Islands","quintile",1,"rdjob",1,,,"2014-2025",8.587,7.464,9.845,2214,"Percent",
"dr54","New economy jobs","geography",,"ITL2","United Kingdom","itl2_current_geo","Inner London - East","quintile",5,"rdjob",1,,,"2014-2025",20.337,19.584,21.108,10843,"Percent",
"dr54","New economy jobs","geography",,"ITL2","United Kingdom","itl2_current_geo","Inner London - West","quintile",5,"rdjob",1,,,"2014-2025",19.864,18.7,21.088,4369,"Percent",
"dr54","New economy jobs","geography",,"ITL2","United Kingdom","itl2_current_geo","Kent","quintile",2,"rdjob",1,,,"2014-2025",12.537,11.895,13.214,9841,"Percent",
"dr54","New economy jobs","geography",,"ITL2","United Kingdom","itl2_current_geo","Lancashire","quintile",2,"rdjob",1,,,"2014-2025",11.184,10.548,11.859,9037,"Percent",
"dr54","New economy jobs","geography",,"ITL2","United Kingdom","itl2_current_geo","Leicestershire, Rutland and Northamptonshire","quintile",3,"rdjob",1,,,"2014-2025",13.64,13.032,14.268,12025,"Percent",
"dr54","New economy jobs","geography",,"ITL2","United Kingdom","itl2_current_geo","Lincolnshire","quintile",1,"rdjob",1,,,"2014-2025",10.006,9.194,10.903,4862,"Percent",
"dr54","New economy jobs","geography",,"ITL2","United Kingdom","itl2_current_geo","Merseyside","quintile",2,"rdjob",1,,,"2014-2025",11.985,11.271,12.729,7762,"Percent",
"dr54","New economy jobs","geography",,"ITL2","United Kingdom","itl2_current_geo","North Eastern Scotland","quintile",5,"rdjob",1,,,"2014-2025",17.685,16.324,19.098,2977,"Percent",
"dr54","New economy jobs","geography",,"ITL2","United Kingdom","itl2_current_geo","North Yorkshire","quintile",3,"rdjob",1,,,"2014-2025",12.915,12.1,13.789,6176,"Percent",
"dr54","New economy jobs","geography",,"ITL2","United Kingdom","itl2_current_geo","Northern Ireland","quintile",2,"rdjob",1,,,"2014-2025",11.323,10.93,11.729,24410,"Percent",
"dr54","New economy jobs","geography",,"ITL2","United Kingdom","itl2_current_geo","Northumberland, and Tyne and Wear","quintile",2,"rdjob",1,,,"2014-2025",12.093,11.449,12.777,9407,"Percent",
"dr54","New economy jobs","geography",,"ITL2","United Kingdom","itl2_current_geo","Outer London - East and North East","quintile",4,"rdjob",1,,,"2014-2025",14.392,13.687,15.127,9276,"Percent",
"dr54","New economy jobs","geography",,"ITL2","United Kingdom","itl2_current_geo","Outer London - South","quintile",5,"rdjob",1,,,"2014-2025",18.515,17.636,19.421,7379,"Percent",
"dr54","New economy jobs","geography",,"ITL2","United Kingdom","itl2_current_geo","Outer London - West and North West","quintile",5,"rdjob",1,,,"2014-2025",17.543,16.788,18.317,9641,"Percent",
"dr54","New economy jobs","geography",,"ITL2","United Kingdom","itl2_current_geo","Shropshire and Staffordshire","quintile",2,"rdjob",1,,,"2014-2025",11.509,10.883,12.164,9689,"Percent",
"dr54","New economy jobs","geography",,"ITL2","United Kingdom","itl2_current_geo","South Yorkshire","quintile",1,"rdjob",1,,,"2014-2025",10.836,10.177,11.53,8260,"Percent",
"dr54","New economy jobs","geography",,"ITL2","United Kingdom","itl2_current_geo","Southern Scotland","quintile",1,"rdjob",1,,,"2014-2025",9.77,9.034,10.554,5989,"Percent",
"dr54","New economy jobs","geography",,"ITL2","United Kingdom","itl2_current_geo","Surrey, East and West Sussex","quintile",4,"rdjob",1,,,"2014-2025",16.124,15.576,16.688,16987,"Percent",
"dr54","New economy jobs","geography",,"ITL2","United Kingdom","itl2_current_geo","Tees Valley and Durham","quintile",1,"rdjob",1,,,"2014-2025",10.65,9.952,11.384,7279,"Percent",
"dr54","New economy jobs","geography",,"ITL2","United Kingdom","itl2_current_geo","West Central Scotland","quintile",4,"rdjob",1,,,"2014-2025",14.37,13.616,15.155,8115,"Percent",
"dr54","New economy jobs","geography",,"ITL2","United Kingdom","itl2_current_geo","West Midlands","quintile",2,"rdjob",1,,,"2014-2025",12.523,11.988,13.08,14309,"Percent",
"dr54","New economy jobs","geography",,"ITL2","United Kingdom","itl2_current_geo","West Wales and The Valleys","quintile",1,"rdjob",1,,,"2014-2025",10.227,9.681,10.809,11279,"Percent",
"dr54","New economy jobs","geography",,"ITL2","United Kingdom","itl2_current_geo","West Yorkshire","quintile",3,"rdjob",1,,,"2014-2025",13.795,13.249,14.361,14954,"Percent",
